ip,query,current_index
,,270
119.45.95.39,a,0
104.238.86.113,a,0
34.223.206.6,a,0
54.81.116.232,a,0
151.101.2.132,a,0
174.35.59.189,a,0
104.129.195.15,a,0
27.151.10.224,a,0
198.23.57.151,a,0
50.116.75.156,a,0
89.208.198.12,b,1
157.7.87.212,b,1
223.111.139.93,b,1
77.234.122.128,b,1
89.208.86.153,b,1
14.128.0.228,b,1
157.185.178.148,b,1
145.239.211.112,b,1
124.221.58.86,b,1
104.17.25.10,b,1
112.48.137.36,b,1
107.192.71.228,b,1
138.113.145.73,b,1
61.163.112.7,b,1
116.147.32.239,b,1
107.174.52.144,b,1
13.212.68.144,b,1
82.177.209.89,b,1
44.237.22.117,c,2
13.233.27.248,c,2
54.69.155.14,c,2
104.18.42.157,c,2
110.77.131.205,c,2
195.60.166.102,c,2
101.34.66.10,c,2
193.1.171.45,c,2
117.91.184.236,c,2
42.192.143.101,c,2
139.199.162.159,c,2
63.225.42.15,d,3
190.92.193.110,d,3
24.201.243.207,d,3
47.95.215.38,d,3
20.113.40.64,d,3
221.6.167.142,d,3
1.94.70.247,d,3
42.81.61.5,d,3
1.94.77.12,d,3
50.63.130.60,e,4
173.254.29.125,e,4
199.60.103.226,e,4
198.23.59.237,e,4
195.201.141.153,e,4
94.228.133.134,e,4
74.220.220.104,e,4
185.252.72.69,f,5
193.233.49.133,f,5
49.13.74.55,f,5
47.107.188.85,f,5
47.99.200.199,f,5
23.91.101.211,f,5
2a01:488:42:1000:5bfa:40e3::,f,5
2a01:488:42:1000:57e6:6bde::,f,5
3.90.69.199,f,5
104.18.33.207,g,6
79.19.111.88,g,6
103.110.160.58,g,6
52.10.46.35,g,6
51.159.64.129,g,6
188.166.215.106,g,6
58.220.43.34,h,7
94.21.242.199,h,7
106.60.70.12,h,7
14.128.0.120,h,7
27.151.10.9,h,7
153.99.227.228,h,7
89.43.107.216,h,7
111.6.240.85,h,7
183.201.72.129,h,7
14.0.112.36,h,7
167.235.229.69,i,8
45.144.233.105,i,8
188.130.7.222,i,8
39.103.187.204,i,8
80.74.241.9,i,8
15.222.183.111,j,9
101.201.46.34,j,9
103.49.223.91,j,9
2a01:488:42:1000:5bfa:410a::,j,9
3.122.112.203,j,9
20.77.10.121,j,9
217.182.87.90,k,10
47.104.38.18,k,10
91.222.147.62,k,10
101.37.83.190,k,10
208.113.239.4,k,10
43.247.128.29,l,11
47.102.241.255,l,11
203.251.175.92,l,11
154.9.26.166,l,11
194.146.57.205,m,12
72.10.173.89,m,12
167.99.81.183,m,12
138.59.233.122,m,12
162.241.226.63,m,12
124.221.17.9,n,13
64.227.20.240,n,13
66.175.216.42,n,13
106.15.175.242,n,13
171.64.74.21,n,13
5.45.84.197,n,13
39.97.138.26,n,13
190.2.154.51,n,13
104.195.132.151,n,13
163.43.244.198,n,13
150.158.103.211,o,14
120.77.183.31,o,14
173.52.223.93,o,14
139.186.151.240,o,14
111.31.38.27,o,14
199.60.103.225,p,15
138.113.35.91,p,15
195.16.90.27,p,15
147.161.192.124,p,15
34.94.97.35,p,15
77.74.29.19,p,15
69.49.175.181,p,15
150.60.129.84,p,15
45.60.50.203,q,16
45.60.242.71,q,16
45.60.33.43,q,16
45.60.100.79,q,16
198.143.56.8,q,16
45.60.46.242,q,16
107.154.106.93,q,16
45.60.152.63,q,16
45.60.130.216,q,16
45.60.196.46,q,16
45.223.46.211,r,17
70.33.222.6,r,17
45.60.58.27,r,17
45.60.86.239,r,17
107.154.117.181,r,17
45.60.175.116,r,17
45.60.81.150,r,17
45.60.121.135,r,17
45.60.13.228,r,17
52.8.178.132,s,18
172.67.186.227,s,18
148.66.54.130,s,18
104.26.13.131,s,18
76.223.105.230,s,18
172.67.205.62,s,18
104.21.92.18,s,18
172.67.138.68,s,18
104.21.96.103,s,18
213.175.200.150,s,18
134.35.21.199,t,19
91.192.81.48,t,19
82.127.32.26,t,19
8.140.246.57,t,19
123.56.38.189,t,19
5.188.215.11,u,20
114.217.151.225,u,20
86.98.64.40,u,20
18.168.75.166,u,20
64.106.38.34,u,20
185.31.41.158,u,20
94.23.16.187,u,20
54.68.96.140,u,20
52.251.62.152,u,20
217.195.205.153,u,20
170.249.211.34,v,21
208.94.107.6,v,21
52.13.152.22,v,21
194.47.252.71,v,21
45.38.103.123,v,21
45.79.249.203,v,21
185.94.29.82,v,21
8.138.104.42,v,21
82.114.57.243,v,21
223.166.198.15,v,21
104.200.22.101,w,22
20.37.44.195,w,22
35.244.243.124,w,22
99.86.74.63,w,22
20.243.74.112,w,22
8.217.102.67,w,22
52.32.177.231,w,22
2a01:488:42:1000:53a9:1a83::,w,22
165.232.69.108,w,22
151.101.2.159,x,23
66.254.66.55,x,23
54.165.230.106,x,23
54.147.15.116,x,23
15.197.247.126,x,23
198.49.23.144,x,23
52.224.150.39,x,23
65.8.228.39,x,23
172.66.41.23,x,23
76.76.21.21,x,23
103.148.57.156,y,24
43.143.234.93,y,24
5.61.47.24,y,24
106.54.38.67,y,24
168.138.163.145,y,24
3.231.27.212,y,24
35.212.95.82,y,24
35.213.200.117,y,24
81.208.173.35,y,24
34.245.251.196,y,24
45.60.32.49,z,25
18.65.31.155,z,25
170.85.15.68,z,25
178.20.151.54,z,25
118.31.232.23,z,25
94.250.255.180,z,25
193.124.41.185,z,25
151.80.45.10,z,25
167.71.2.22,z,25
143.0.100.192,z,25
47.74.145.29,A,26
81.70.55.129,A,26
106.52.39.65,A,26
23.185.0.1,A,26
81.70.56.45,A,26
23.221.220.11,A,26
65.108.152.3,A,26
8.211.6.173,A,26
190.15.136.160,A,26
38.6.242.36,A,26
23.185.0.3,B,27
61.156.245.224,B,27
101.227.98.122,B,27
61.179.224.114,B,27
112.192.17.83,B,27
38.6.182.144,B,27
63.251.26.74,B,27
27.148.141.82,B,27
111.6.168.235,B,27
23.221.220.43,C,28
47.122.36.185,C,28
16.171.44.99,C,28
13.124.58.175,C,28
78.46.14.160,C,28
183.90.203.5,C,28
45.66.61.123,C,28
35.235.135.87,C,28
51.15.18.106,C,28
87.209.37.101,C,28
54.161.222.85,D,29
47.110.177.190,D,29
49.71.74.51,D,29
103.254.188.47,D,29
47.110.23.75,D,29
2600:9000:201e:0:1f:e7c3:9200:7055,D,29
35.201.55.17,D,29
110.164.35.238,D,29
125.77.136.67,D,29
138.113.31.183,D,29
208.109.71.109,E,30
162.240.78.134,E,30
27.148.146.59,E,30
108.167.140.205,E,30
50.28.78.189,E,30
14.0.46.64,E,30
122.227.211.114,E,30
192.232.208.194,E,30
180.130.97.196,E,30
2a01:488:42:1000:b24d:5051::,E,30
14.128.0.79,F,31
176.57.150.31,F,31
119.188.13.47,F,31
2a01:488:42:1000:523:e910::,F,31
138.113.148.114,F,31
138.113.59.132,F,31
89.58.7.177,F,31
2a01:488:42:1000:53a9:19e8::,F,31
36.150.93.33,F,31
2a01:488:42:1000:5bfa:458f::,F,31
18.160.156.21,G,32
106.52.250.102,G,32
173.254.36.79,G,32
173.254.36.79,G,32
120.27.21.144,G,32
221.178.0.27,G,32
2600:3402:200:227::2,G,32
2600:3402:200:227::2,G,32
202.168.175.11,G,32
198.245.61.161,G,32
198.245.61.161,G,32
111.6.239.20,G,32
111.6.239.20,G,32
118.107.170.232,G,32
118.107.170.232,G,32
59.37.89.88,H,33
180.130.97.206,H,33
210.71.196.249,H,33
157.185.161.44,H,33
163.171.128.189,H,33
39.98.1.18,H,33
120.245.35.131,H,33
101.96.149.32,H,33
183.66.110.103,H,33
111.27.126.51,H,33
61.179.224.102,H,33
125.77.133.133,H,33
96.22.169.140,I,34
134.122.110.168,I,34
172.67.68.104,J,35
104.18.39.172,J,35
2a01:488:42:1000:53a9:1abb::,J,35
2600:9000:201e:0:1f:e7c3:9200:ca1a,K,36
178.60.200.106,K,36
96.252.111.5,K,36
20.234.172.16,L,37
59.110.190.29,L,37
185.149.8.58,L,37
151.16.181.145,M,38
79.13.255.91,M,38
96.17.197.25,N,39
82.81.49.197,N,39
217.26.54.75,N,39
52.15.67.190,N,39
202.25.82.33,N,39
47.110.177.15,N,39
186.75.77.225,N,39
47.101.88.41,N,39
193.10.39.193,N,39
24.113.83.249,O,40
8.135.120.130,O,40
114.132.79.113,P,41
87.107.161.246,P,41
138.113.43.24,P,41
42.81.148.110,P,41
159.65.95.110,P,41
62.209.57.36,P,41
114.67.202.248,P,41
116.77.75.177,P,41
165.139.36.83,P,41
14.128.0.219,P,41
43.130.57.176,Q,42
45.60.149.135,Q,42
45.60.149.187,Q,42
192.230.85.128,Q,42
45.223.17.17,Q,42
199.83.130.191,Q,42
192.230.82.191,Q,42
45.60.15.186,Q,42
45.60.83.72,Q,42
192.230.74.152,Q,42
119.45.94.49,R,43
45.60.175.234,R,43
45.60.87.246,R,43
45.60.153.52,R,43
107.154.147.124,R,43
45.60.149.138,R,43
45.223.164.32,R,43
45.223.181.169,R,43
216.239.34.21,R,43
144.208.68.71,S,44
172.67.207.114,S,44
104.21.94.210,S,44
104.21.53.72,S,44
172.67.209.84,S,44
104.21.15.156,S,44
212.172.221.76,S,44
172.67.71.236,S,44
172.67.189.194,S,44
13.248.168.94,T,45
199.59.243.225,T,45
185.74.36.211,T,45
177.242.150.174,T,45
186.251.111.46,T,45
180.189.196.86,T,45
46.100.22.119,T,45
138.59.167.11,U,46
50.87.10.113,U,46
143.198.9.247,U,46
171.225.144.187,U,46
68.183.210.158,U,46
112.135.182.88,U,46
65.36.143.82,U,46
120.70.103.188,U,46
125.88.228.120,U,46
45.33.115.40,U,46
88.74.127.242,V,47
116.196.107.245,V,47
52.201.41.74,V,47
2600:9000:201e:0:1f:e7c3:9200:58b3,V,47
67.20.89.144,V,47
116.50.60.144,V,47
217.76.154.71,V,47
64.23.144.157,V,47
94.231.202.228,V,47
62.72.50.190,V,47
54.85.39.104,W,48
198.49.23.145,W,48
34.69.219.172,W,48
20.211.211.66,W,48
185.66.194.84,W,48
2a01:488:42:1000:57e6:3c26::,W,48
51.20.251.188,W,48
219.153.112.205,W,48
35.88.229.135,W,48
159.65.170.137,W,48
89.106.200.1,X,49
64.68.190.190,X,49
185.151.30.182,X,49
5.161.41.107,X,49
104.16.251.50,X,49
192.124.249.52,X,49
3.88.123.186,X,49
172.67.194.55,X,49
63.231.117.230,Y,50
66.39.136.164,Y,50
18.224.64.230,Y,50
35.212.55.206,Y,50
47.251.143.65,Y,50
77.226.244.85,Y,50
2a01:488:42:1000:b24d:550a::,Y,50
175.228.88.172,Y,50
175.110.115.17,Y,50
61.2.130.186,Y,50
43.136.183.12,Z,51
64.227.167.11,Z,51
165.225.194.26,Z,51
1.117.224.221,Z,51
59.110.54.92,Z,51
2600:9000:201e:0:1f:e7c3:9200:2800,Z,51
5.39.112.52,Z,51
165.225.202.44,Z,51
39.101.36.57,Z,51
156.250.151.103,Z,51
96.45.82.29,0,52
160.153.0.19,0,52
162.159.128.7,0,52
3.161.225.77,0,52
172.67.140.183,0,52
52.192.176.16,0,52
96.45.82.203,0,52
37.9.224.218,0,52
172.67.135.172,0,52
104.21.58.97,0,52
159.69.42.212,1,53
142.58.14.177,1,53
66.147.244.52,1,53
192.169.220.245,2,54
199.85.98.2,2,54
20.242.195.13,2,54
132.148.114.121,2,54
77.33.52.100,2,54
137.135.208.198,2,54
77.39.209.58,2,54
42.194.228.231,2,54
43.128.57.114,2,54
199.232.192.247,2,54
45.60.99.76,3,55
52.165.232.105,3,55
45.172.42.191,3,55
14.49.57.149,3,55
138.113.36.232,3,55
45.128.38.1,3,55
45.60.144.172,3,55
117.71.178.23,3,55
50.84.170.218,3,55
2a02:e980:5::91,3,55
66.171.170.65,4,56
172.67.159.143,4,56
120.93.31.61,4,56
42.193.228.200,4,56
156.242.66.68,4,56
198.23.228.165,4,56
45.223.53.253,4,56
2a02:25a9:1:1539::1,4,56
110.116.180.203,4,56
2a02:25a9:0:2859::1,4,56
195.35.33.153,5,57
104.17.74.206,5,57
192.0.78.12,5,57
188.132.193.38,5,57
83.166.138.22,5,57
13.107.246.38,5,57
34.128.72.234,5,57
185.16.61.16,5,57
172.234.85.146,5,57
2a02:e980:6::93,6,58
186.22.85.105,6,58
45.60.3.150,6,58
45.60.64.81,6,58
2a02:e980:14::91,6,58
86.221.75.221,6,58
181.129.52.153,6,58
24.119.126.53,6,58
177.46.150.45,6,58
58.215.9.136,6,58
50.87.253.140,7,59
151.101.130.133,7,59
45.60.241.68,7,59
93.125.2.17,7,59
8.243.19.30,7,59
79.19.199.188,7,59
177.136.203.130,7,59
167.142.115.239,7,59
111.229.162.21,7,59
219.99.171.80,8,60
172.67.7.211,8,60
13.226.204.53,8,60
183.90.232.2,8,60
23.229.25.243,8,60
108.157.142.63,8,60
45.60.151.253,9,61
101.33.30.149,9,61
45.60.87.80,9,61
146.70.131.89,9,61
107.154.180.233,9,61
35.236.48.144,9,61
165.98.99.48,9,61
85.235.145.180,aa,62
134.68.105.119,aa,62
112.114.56.203,aa,62
43.202.84.91,aa,62
143.198.231.148,aa,62
181.49.139.33,aa,62
69.39.230.140,aa,62
85.209.208.76,aa,62
34.17.44.62,aa,62
152.136.205.119,aa,62
39.101.133.156,ab,63
192.73.238.215,ab,63
143.244.196.18,ab,63
34.230.58.227,ab,63
12.22.168.97,ab,63
34.91.84.187,ab,63
87.121.113.156,ab,63
116.62.236.13,ab,63
107.152.32.123,ab,63
45.147.230.102,ab,63
192.0.78.24,ac,64
190.92.168.146,ac,64
101.200.169.122,ac,64
116.203.227.200,ac,64
31.209.96.25,ac,64
23.227.234.161,ac,64
178.128.121.251,ac,64
34.159.216.193,ac,64
175.6.76.99,ac,64
136.62.103.110,ac,64
77.40.211.196,ad,65
96.39.99.154,ad,65
8.142.186.248,ad,65
212.88.49.92,ad,65
202.165.202.203,ad,65
149.161.120.154,ad,65
221.255.10.167,ad,65
13.43.216.232,ad,65
217.160.53.172,ad,65
18.163.200.222,ad,65
45.136.150.22,ae,66
162.255.49.42,ae,66
191.81.187.180,ae,66
3.25.219.200,ae,66
91.198.114.51,ae,66
186.128.55.26,ae,66
18.235.113.62,ae,66
104.200.17.200,ae,66
167.99.147.65,ae,66
54.235.42.136,ae,66
54.226.12.70,ae,66
70.167.37.90,ae,66
185.96.57.152,ae,66
131.155.35.42,ae,66
140.238.5.75,ae,66
123.57.226.72,ae,66
79.137.83.157,ae,66
34.97.86.227,ae,66
152.70.88.161,ae,66
101.43.61.151,ae,66
147.135.36.90,af,67
18.202.202.162,af,67
43.130.228.104,af,67
23.94.218.16,af,67
172.247.172.226,af,67
185.30.32.47,af,67
208.113.142.47,af,67
23.88.86.134,af,67
219.103.10.16,af,67
24.230.88.160,af,67
198.0.8.241,ag,68
43.128.237.65,ag,68
50.84.219.211,ag,68
20.233.41.136,ag,68
2600:9000:201e:0:1f:e7c3:9200:9d67,ag,68
18.197.218.68,ag,68
178.73.116.54,ag,68
50.87.15.164,ag,68
38.60.221.224,ag,68
172.233.46.241,ag,68
104.17.16.232,ah,69
54.200.243.39,ah,69
104.17.82.32,ah,69
2600:9000:2462:600:13:869d:3a80:93a1,ah,69
2606:4700::6812:156b,ah,69
2606:4700::6811:5e01,ah,69
18.160.156.46,ah,69
193.31.30.207,ah,69
18.66.36.232,ah,69
34.196.1.111,ah,69
77.242.243.96,ai,70
187.189.119.230,ai,70
65.1.26.127,ai,70
77.221.130.83,ai,70
34.176.15.159,ai,70
45.9.117.221,ai,70
192.210.141.197,ai,70
194.53.75.166,ai,70
61.238.206.131,ai,70
149.154.68.52,ai,70
112.126.69.105,aj,71
78.11.11.118,aj,71
2600:9000:201e:0:1f:e7c3:9200:e342,aj,71
43.138.41.32,aj,71
202.28.17.26,aj,71
159.203.168.34,aj,71
108.156.251.191,aj,71
51.77.134.73,aj,71
186.57.200.125,aj,71
147.135.222.84,aj,71
112.48.216.147,ak,72
39.81.112.214,ak,72
2600:9000:201e:0:1f:e7c3:9200:4018,ak,72
175.147.11.159,ak,72
192.254.132.106,ak,72
221.204.39.161,ak,72
147.75.195.114,ak,72
64.227.136.39,ak,72
43.242.75.16,ak,72
154.203.136.160,ak,72
212.34.157.2,al,73
24.165.32.91,al,73
200.123.29.93,al,73
190.143.217.197,al,73
51.103.1.174,al,73
49.234.206.85,al,73
59.110.251.7,al,73
99.86.102.49,al,73
47.113.155.154,al,73
47.113.156.254,al,73
200.98.131.188,am,74
149.102.147.136,am,74
222.121.205.75,am,74
111.229.225.131,am,74
207.148.103.159,am,74
104.194.130.94,am,74
158.255.215.154,am,74
139.59.45.243,am,74
74.81.61.108,am,74
116.62.44.88,am,74
60.191.107.142,an,75
60.191.107.142,an,75
1.54.73.29,an,75
51.250.103.121,an,75
51.250.103.121,an,75
103.109.0.181,an,75
37.252.173.169,an,75
37.252.173.169,an,75
139.144.26.14,an,75
2001:41d0:a:69e6::1,an,75
2001:41d0:a:69e6::1,an,75
1.254.34.1,an,75
1.254.34.1,an,75
120.27.177.85,an,75
120.27.177.85,an,75
78.89.197.117,an,75
78.89.197.117,an,75
189.112.240.89,ao,76
89.223.88.53,ao,76
122.13.77.74,ao,76
200.187.6.33,ao,76
67.205.49.104,ao,76
208.109.35.100,ao,76
201.10.186.106,ao,76
207.189.124.73,ao,76
101.42.32.5,ao,76
191.187.56.26,ao,76
142.250.159.143,ap,77
18.140.65.129,ap,77
15.168.54.234,ap,77
118.219.132.140,ap,77
142.251.163.119,ap,77
66.11.101.50,ap,77
133.205.87.97,ap,77
5.187.7.37,ap,77
74.125.126.214,ap,77
35.162.28.229,ap,77
182.151.56.72,aq,78
110.238.66.100,aq,78
2600:9000:201e:0:1f:e7c3:9200:1187,aq,78
101.91.127.188,aq,78
8.210.20.75,aq,78
14.18.101.14,aq,78
14.29.170.106,aq,78
154.16.27.127,aq,78
54.230.158.228,aq,78
166.1.129.53,aq,78
190.228.147.150,ar,79
109.81.142.39,ar,79
199.101.130.25,ar,79
93.57.32.227,ar,79
125.46.77.218,ar,79
62.87.44.205,ar,79
110.170.222.4,ar,79
190.4.209.89,ar,79
200.68.1.201,ar,79
185.58.213.25,as,80
104.22.18.140,as,80
99.86.74.52,as,80
18.197.248.23,as,80
3.78.241.89,as,80
96.17.197.65,as,80
199.60.103.228,as,80
50.87.216.177,as,80
104.22.19.140,as,80
162.243.227.234,as,80
223.112.10.86,at,81
75.119.152.54,at,81
203.198.64.172,at,81
203.198.64.172,at,81
148.74.172.57,at,81
219.137.192.109,at,81
219.137.192.109,at,81
1.69.74.193,at,81
1.69.74.193,at,81
52.96.121.102,at,81
52.96.121.102,at,81
45.151.246.13,at,81
179.127.7.73,at,81
179.127.7.73,at,81
185.218.220.190,au,82
84.54.115.235,au,82
207.236.207.113,au,82
203.113.209.12,au,82
103.96.20.32,au,82
103.210.11.1,au,82
35.244.78.172,au,82
106.187.245.229,au,82
34.67.131.246,au,82
92.223.35.169,av,83
104.248.202.157,av,83
5.188.178.130,av,83
178.164.119.60,av,83
115.20.110.29,av,83
132.145.98.121,av,83
13.248.159.102,av,83
34.154.211.151,av,83
91.243.81.213,av,83
87.121.33.35,av,83
202.104.71.227,av,83
176.119.203.20,av,83
170.205.38.164,av,83
185.88.213.126,av,83
157.7.245.247,aw,84
13.58.193.14,aw,84
108.158.154.53,aw,84
18.203.42.203,aw,84
2600:9000:201e:0:1f:e7c3:9200:7c35,aw,84
207.211.52.217,aw,84
108.139.37.58,aw,84
159.65.240.223,aw,84
65.144.242.205,aw,84
178.87.213.173,aw,84
2600:9000:201e:0:1f:e7c3:9200:4e8f,ax,85
46.101.140.110,ax,85
18.117.158.46,ax,85
91.195.93.105,ax,85
139.177.179.226,ax,85
51.210.242.83,ax,85
213.199.47.235,ax,85
44.236.4.6,ax,85
92.38.130.166,ax,85
139.224.196.148,ax,85
172.97.69.60,ay,86
104.131.13.72,ay,86
37.9.171.113,ay,86
185.28.60.44,ay,86
5.200.17.213,ay,86
177.136.203.227,ay,86
37.9.170.210,ay,86
141.148.235.130,ay,86
217.160.52.254,ay,86
34.126.132.135,ay,86
190.7.0.210,az,87
52.229.29.207,az,87
108.159.1.229,az,87
52.65.10.70,az,87
101.201.106.22,az,87
212.107.31.68,az,87
148.251.180.79,az,87
20.49.186.9,az,87
20.29.242.53,az,87
65.52.10.30,az,87
149.166.135.255,aA,88
204.147.0.0,aA,88
185.38.170.234,aA,88
108.136.215.7,aA,88
119.23.219.226,aA,88
125.89.70.7,aA,88
135.180.166.224,aA,88
76.155.2.23,aA,88
149.166.1.52,aA,88
82.146.53.199,aA,88
139.162.163.250,aB,89
87.116.0.2,aB,89
14.143.0.239,aB,89
150.230.48.40,aB,89
95.38.63.83,aB,89
49.212.68.232,aB,89
65.49.80.145,aB,89
162.243.172.51,aB,89
157.90.18.101,aB,89
175.45.195.55,aC,90
41.74.140.198,aC,90
62.101.232.125,aC,90
157.193.171.6,aC,90
213.21.177.205,aC,90
125.135.86.181,aC,90
204.69.191.164,aC,90
204.186.107.3,aC,90
203.35.185.217,aC,90
198.74.63.1,aC,90
195.88.182.1,aD,91
109.205.70.128,aD,91
43.156.48.18,aD,91
167.114.128.64,aD,91
2a02:1660:4104:1a:62:50:189:236,aD,91
198.49.180.200,aD,91
196.189.155.175,aD,91
49.212.204.39,aD,91
96.31.180.159,aD,91
193.112.55.196,aE,92
192.8.172.162,aE,92
89.96.79.175,aE,92
89.104.242.151,aE,92
152.115.119.225,aE,92
66.158.129.56,aE,92
207.160.146.254,aE,92
158.247.230.113,aE,92
80.77.137.60,aE,92
202.87.226.101,aE,92
85.252.123.233,aF,93
209.38.213.1,aF,93
71.40.205.1,aF,93
92.223.65.253,aF,93
62.196.172.48,aF,93
141.147.128.220,aF,93
110.49.144.233,aF,93
217.17.211.33,aF,93
194.197.148.127,aF,93
197.157.170.41,aF,93
157.230.44.43,aG,94
170.64.141.29,aG,94
167.99.60.121,aG,94
43.203.180.81,aG,94
106.3.136.236,aG,94
47.109.20.35,aG,94
103.79.14.37,aG,94
43.139.65.189,aG,94
66.228.59.186,aG,94
40.134.152.219,aG,94
104.18.20.107,aH,95
104.19.251.51,aH,95
64.227.161.215,aH,95
38.133.154.64,aH,95
52.45.58.211,aH,95
149.28.152.237,aH,95
174.129.42.145,aH,95
2606:4700:4400::6812:2575,aH,95
54.171.209.228,aH,95
2606:4700::6812:1075,aH,95
139.59.129.45,aI,96
198.12.70.197,aI,96
35.184.49.4,aI,96
2600:9000:201e:0:1f:e7c3:9200:c8a4,aI,96
123.60.77.29,aI,96
79.137.39.155,aI,96
151.245.48.229,aI,96
34.172.205.16,aI,96
45.58.179.44,aI,96
85.10.151.220,aI,96
43.129.29.53,aI,96
114.251.154.181,aI,96
173.173.230.9,aI,96
103.141.141.245,aI,96
108.139.245.122,aI,96
217.165.0.128,aJ,97
50.3.35.43,aJ,97
54.191.198.91,aJ,97
3.125.106.231,aJ,97
133.125.48.115,aJ,97
172.96.178.77,aJ,97
64.227.99.171,aJ,97
38.109.82.243,aJ,97
8.222.178.44,aJ,97
52.15.80.186,aJ,97
222.189.189.172,aK,98
2600:9000:201e:0:1f:e7c3:9200:5d5a,aK,98
91.199.82.215,aK,98
144.91.73.184,aK,98
27.148.196.92,aK,98
8.217.39.106,aK,98
64.225.94.91,aK,98
47.122.36.168,aL,99
47.107.10.220,aL,99
85.235.134.126,aL,99
23.47.48.102,aL,99
211.154.222.86,aL,99
24.159.86.217,aL,99
37.187.49.97,aL,99
47.101.83.63,aL,99
103.95.196.81,aM,100
188.72.203.17,aM,100
18.185.246.47,aM,100
202.29.98.34,aM,100
190.189.7.186,aM,100
185.222.57.80,aM,100
103.228.74.16,aM,100
27.255.75.157,aM,100
104.152.190.94,aM,100
103.27.111.137,aM,100
128.104.80.21,aN,101
102.38.135.168,aN,101
145.43.254.164,aN,101
47.108.168.138,aN,101
190.105.56.96,aN,101
85.47.22.109,aN,101
86.101.7.222,aN,101
77.87.181.100,aN,101
69.162.154.15,aN,101
2600:9000:201e:0:1f:e7c3:9200:a214,aO,102
159.203.39.98,aO,102
47.91.16.27,aO,102
150.60.245.86,aO,102
186.57.142.42,aO,102
212.237.5.67,aO,102
207.189.124.43,aO,102
154.116.254.107,aO,102
103.153.60.84,aO,102
64.233.163.156,aP,103
118.38.164.216,aP,103
64.227.4.203,aQ,104
221.225.91.42,aQ,104
116.8.104.53,aQ,104
180.100.200.254,aQ,104
51.158.63.194,aQ,104
117.62.39.25,aQ,104
2600:9000:201e:0:1f:e7c3:9200:8bc3,aQ,104
182.151.43.153,aQ,104
129.226.36.183,aR,105
129.226.36.183,aR,105
15.207.68.227,aR,105
125.23.128.74,aR,105
20.21.212.152,aR,105
20.21.212.152,aR,105
191.97.8.145,aR,105
191.97.8.145,aR,105
125.17.235.254,aR,105
200.13.203.1,aR,105
200.13.203.1,aR,105
120.157.90.244,aS,106
54.148.137.95,aS,106
34.206.39.153,aS,106
18.221.160.196,aS,106
113.94.58.52,aS,106
47.101.88.59,aS,106
199.60.103.85,aS,106
191.243.36.73,aS,106
54.162.96.68,aS,106
185.41.29.182,aT,107
34.215.133.67,aT,107
172.246.9.38,aT,107
80.35.249.65,aT,107
62.212.95.23,aT,107
20.106.99.254,aT,107
123.30.133.29,aT,107
46.182.180.248,aT,107
54.152.184.31,aT,107
50.115.114.73,aT,107
54.158.184.166,aU,108
116.15.245.37,aU,108
45.93.28.179,aU,108
35.246.242.173,aU,108
140.84.191.195,aU,108
61.163.191.221,aV,109
130.61.99.62,aV,109
103.50.33.207,aV,109
82.76.51.96,aV,109
45.248.188.27,aW,110
2600:9000:201e:0:1f:e7c3:9200:7512,aW,110
144.21.82.170,aW,110
2600:9000:201e:0:1f:e7c3:9200:65dc,aW,110
8.213.21.212,aW,110
2600:9000:201e:0:1f:e7c3:9200:cb7a,aW,110
12.55.2.222,aX,111
116.203.240.54,aX,111
45.221.97.139,aX,111
111.248.105.200,aX,111
23.92.28.226,aX,111
3.239.31.65,aX,111
213.154.225.238,aY,112
93.184.38.150,aY,112
91.200.68.237,aY,112
222.139.82.164,aY,112
172.105.92.206,aY,112
210.246.200.133,aY,112
194.167.84.93,aY,112
92.47.126.190,aZ,113
43.248.139.228,aZ,113
40.70.228.212,aZ,113
91.83.43.163,aZ,113
129.150.76.91,aZ,113
217.160.12.61,aZ,113
85.10.158.95,aZ,113
106.53.113.234,aZ,113
3.253.55.247,aZ,113
61.160.238.227,a0,114
78.132.66.102,a0,114
176.118.174.197,a0,114
150.95.75.64,a0,114
93.63.163.147,a0,114
186.128.145.138,a0,114
192.198.81.113,a0,114
57.180.21.226,a0,114
192.241.151.177,a0,114
202.78.110.115,a0,114
45.90.218.197,a1,115
205.138.249.0,a1,115
206.189.20.218,a1,115
209.52.140.72,a1,115
103.186.128.1,a1,115
78.47.98.197,a1,115
91.224.58.158,a1,115
20.127.59.45,a1,115
190.108.95.97,a1,115
94.191.50.19,a1,115
195.154.181.218,a2,116
52.86.185.122,a2,116
125.16.134.186,a2,116
94.64.21.148,a2,116
200.141.173.190,a2,116
185.31.240.142,a2,116
110.239.70.166,a2,116
104.224.198.7,a2,116
77.245.53.143,a2,116
195.85.208.19,a2,116
103.23.101.95,a3,117
203.170.128.19,a3,117
37.230.112.193,a3,117
141.147.137.113,a3,117
195.1.174.29,a3,117
92.96.219.113,a3,117
201.48.8.172,a3,117
8.137.83.53,a3,117
103.23.101.21,a3,117
71.19.144.208,a3,117
43.133.48.194,a4,118
35.211.232.183,a4,118
173.212.186.22,a4,118
35.184.178.144,a4,118
129.205.13.239,a4,118
157.119.247.129,a4,118
13.233.124.190,a4,118
2001:470:1f11:776::1,a4,118
144.21.110.60,a4,118
93.117.242.33,a4,118
142.93.14.192,a5,119
217.23.150.12,a5,119
149.129.179.255,a5,119
212.98.123.41,a5,119
103.8.249.106,a5,119
213.219.214.240,a5,119
89.75.25.135,a5,119
188.166.179.249,a5,119
185.49.69.45,a5,119
2.40.133.52,a6,120
212.98.78.125,a6,120
4.59.200.14,a6,120
92.38.128.38,a6,120
199.195.218.65,a6,120
91.143.196.54,a6,120
195.15.215.67,a6,120
109.199.103.229,a6,120
195.128.102.139,a6,120
113.124.221.113,a7,121
24.90.68.135,a7,121
47.103.32.117,a7,121
162.215.113.48,a7,121
35.221.18.159,a7,121
52.59.208.22,a7,121
110.233.58.219,a7,121
217.146.70.245,a7,121
147.249.203.58,a7,121
213.215.62.250,a7,121
101.132.245.51,a8,122
101.132.245.51,a8,122
45.222.26.226,a8,122
45.222.26.226,a8,122
81.131.42.130,a8,122
81.131.42.130,a8,122
81.131.42.130,a8,122
2a01:a8:dc0:331::f53,a8,122
62.101.232.225,a8,122
62.101.232.225,a8,122
62.101.232.225,a8,122
62.101.232.225,a8,122
37.205.243.77,a8,122
104.143.2.240,a8,122
104.143.2.240,a8,122
115.95.136.219,a8,122
115.95.136.219,a8,122
115.95.136.219,a8,122
115.95.136.219,a8,122
70.40.202.178,a8,122
70.40.202.178,a8,122
70.40.202.178,a8,122
70.40.202.178,a8,122
104.143.2.191,a8,122
199.101.128.209,a9,123
134.122.82.85,a9,123
159.223.91.194,a9,123
83.173.71.57,a9,123
23.26.135.2,a9,123
3.120.84.214,a9,123
8.218.191.181,a9,123
42.1.66.115,a9,123
116.202.24.250,a9,123
138.197.138.148,ba,124
128.200.7.30,ba,124
147.189.130.141,ba,124
92.65.7.234,ba,124
217.91.71.178,ba,124
109.107.169.52,ba,124
185.217.109.33,ba,124
51.195.118.144,ba,124
207.246.67.4,ba,124
166.151.227.217,ba,124
207.180.228.153,bb,125
67.222.40.240,bb,125
62.84.116.4,bb,125
184.168.111.135,bb,125
65.109.171.144,bb,125
37.120.182.20,bb,125
35.204.179.73,bb,125
65.109.32.54,bb,125
173.243.136.14,bb,125
153.125.188.130,bc,126
80.78.71.65,bc,126
83.229.25.90,bc,126
112.197.2.133,bc,126
82.9.168.0,bc,126
162.144.3.51,bc,126
65.21.49.85,bc,126
2606:4700:3036::ac43:a2cf,bc,126
185.7.136.0,bc,126
109.71.251.241,bc,126
69.43.6.188,bd,127
159.69.157.161,bd,127
139.59.101.158,bd,127
2a01:488:42:1000:b24d:6940::,bd,127
77.245.43.7,bd,127
2a01:488:42:1000:b24d:5107::,bd,127
152.115.118.125,bd,127
129.121.6.16,bd,127
87.230.40.33,bd,127
89.221.169.65,bd,127
147.46.5.138,be,128
96.44.128.11,be,128
154.195.86.77,be,128
148.163.152.10,be,128
39.98.85.94,be,128
103.56.117.154,be,128
67.203.35.33,be,128
185.107.44.171,be,128
157.185.170.164,be,128
27.195.145.88,be,128
196.196.156.199,bf,129
124.223.192.150,bf,129
124.223.31.21,bf,129
69.46.142.225,bf,129
83.50.146.232,bf,129
63.250.54.42,bf,129
87.121.167.125,bf,129
63.43.208.244,bf,129
13.40.142.24,bf,129
212.13.224.122,bf,129
150.60.98.100,bg,130
212.85.39.231,bg,130
34.245.252.49,bg,130
195.178.118.131,bg,130
45.38.69.126,bg,130
172.120.112.106,bg,130
185.2.169.57,bg,130
51.83.57.108,bg,130
216.92.199.46,bg,130
212.100.41.171,bg,130
108.174.200.112,bh,131
72.29.88.236,bh,131
177.11.53.234,bh,131
39.105.15.153,bh,131
65.108.140.213,bh,131
185.221.108.113,bh,131
50.28.78.125,bh,131
162.247.78.143,bh,131
162.215.172.117,bh,131
192.236.162.222,bh,131
165.225.90.45,bi,132
147.161.177.67,bi,132
136.33.30.55,bi,132
147.161.128.36,bi,132
203.159.92.51,bi,132
147.161.192.38,bi,132
8.3.6.37,bi,132
78.31.233.213,bi,132
106.54.163.82,bi,132
165.225.192.41,bi,132
47.243.43.112,bj,133
8.48.85.210,bj,133
129.154.240.0,bj,133
39.136.133.128,bj,133
39.137.182.3,bj,133
92.119.121.172,bj,133
158.37.63.152,bj,133
58.30.203.93,bj,133
39.137.182.15,bj,133
92.51.46.15,bk,134
115.240.125.82,bk,134
119.188.246.100,bk,134
35.160.146.222,bk,134
192.185.37.19,bk,134
187.108.12.126,bk,134
43.139.83.180,bk,134
177.106.180.30,bk,134
151.248.121.65,bk,134
176.96.139.201,bk,134
157.245.119.255,bl,135
173.28.8.209,bl,135
108.171.216.18,bl,135
188.166.23.167,bl,135
5.196.7.160,bl,135
96.87.119.97,bl,135
20.114.230.191,bl,135
112.124.62.191,bl,135
129.79.32.74,bl,135
142.93.191.195,bl,135
47.106.53.254,bm,136
47.101.83.202,bm,136
194.244.18.214,bm,136
2600:9000:2009:6a00:10:4b2e:69c1:309,bm,136
123.56.37.157,bm,136
2600:9000:201d:3800:13:673a:f4c0:93a1,bm,136
185.84.84.134,bm,136
120.77.167.68,bm,136
177.12.228.34,bm,136
47.108.41.9,bm,136
38.255.46.106,bn,137
119.36.143.203,bn,137
173.243.136.39,bn,137
185.149.189.54,bn,137
185.149.189.223,bn,137
185.149.189.162,bn,137
3.110.216.130,bn,137
3.18.24.193,bn,137
8.134.131.62,bn,137
91.230.140.140,bn,137
2600:9000:20f0:2800:6:e324:7600:93a1,bo,138
66.59.199.108,bo,138
38.181.134.212,bo,138
2600:9000:201e:0:1f:e7c3:9200:56ff,bo,138
209.182.236.13,bo,138
94.30.122.1,bo,138
93.61.97.143,bo,138
93.61.137.142,bo,138
89.117.0.59,bo,138
109.236.115.59,bo,138
96.16.97.154,bp,139
2600:9000:201e:0:1f:e7c3:9200:f9b9,bp,139
217.182.51.58,bp,139
104.165.223.36,bp,139
194.254.103.199,bp,139
104.198.145.110,bp,139
175.184.249.5,bp,139
34.64.47.70,bp,139
118.122.147.207,bp,139
13.208.166.172,bp,139
116.204.120.13,bq,140
2600:9000:201e:0:1f:e7c3:9200:f770,bq,140
2600:9000:233e:4600:15:5f5b:e700:93a1,bq,140
38.62.195.5,bq,140
2600:9000:201e:0:1f:e7c3:9200:1f41,bq,140
2600:9000:201b:bc00:2:f21c:cd00:93a1,bq,140
66.204.14.123,bq,140
2600:9000:201e:0:1f:e7c3:9200:8bf3,bq,140
2600:9000:201e:0:1f:e7c3:9200:efac,bq,140
164.160.41.137,bq,140
104.129.192.49,br,141
36.150.32.85,br,141
138.113.26.150,br,141
36.136.92.7,br,141
165.225.104.129,br,141
119.188.13.112,br,141
185.212.242.3,br,141
61.163.111.230,br,141
111.161.121.93,br,141
174.17.165.159,bs,142
2600:9000:2009:7400:12:a159:97c0:93a1,bs,142
34.217.45.241,bs,142
20.246.157.174,bs,142
2600:9000:201e:0:1f:e7c3:9200:f152,bs,142
52.206.209.196,bs,142
52.29.150.55,bs,142
198.12.82.162,bs,142
43.134.237.114,bs,142
182.150.94.85,bs,142
177.131.202.173,bs,142
81.221.234.17,bs,142
36.64.222.195,bs,142
64.52.81.173,bt,143
193.203.234.200,bt,143
80.211.1.76,bt,143
183.242.64.44,bt,143
207.127.102.246,bt,143
105.234.151.254,bt,143
119.145.147.200,bt,143
83.224.184.244,bt,143
8.130.30.154,bt,143
51.75.73.103,bt,143
164.153.180.2,bu,144
172.233.44.184,bu,144
36.93.45.2,bu,144
97.64.59.161,bu,144
185.204.197.141,bu,144
185.204.197.141,bu,144
78.188.54.228,bu,144
78.94.234.191,bu,144
78.94.234.191,bu,144
64.227.66.237,bu,144
149.19.40.172,bu,144
43.155.131.152,bu,144
43.155.131.152,bu,144
68.15.106.103,bu,144
147.154.37.108,bv,145
74.112.186.144,bv,145
199.247.250.189,bv,145
165.22.219.147,bv,145
106.51.36.99,bv,145
2600:9000:201e:0:1f:e7c3:9200:8861,bv,145
8.218.158.84,bv,145
217.208.56.62,bv,145
63.252.98.247,bv,145
45.32.1.43,bv,145
67.225.186.65,bw,146
18.244.129.105,bw,146
2600:9000:201e:0:1f:e7c3:9200:f61d,bw,146
18.64.55.81,bw,146
199.73.84.146,bw,146
124.221.202.141,bw,146
160.248.79.234,bw,146
140.198.9.180,bw,146
107.154.75.231,bw,146
201.158.35.229,bw,146
2600:9000:201e:0:1f:e7c3:9200:df6d,bx,147
193.39.71.22,bx,147
2a01:b740:a02:1000::c2,bx,147
58.87.78.204,bx,147
17.253.31.202,bx,147
17.253.71.208,bx,147
2403:300:a0e:f100::4,bx,147
46.101.74.210,bx,147
2620:149:a10:f000::7,bx,147
17.253.15.39,bx,147
35.224.180.163,by,148
67.220.126.106,by,148
23.229.242.164,by,148
50.28.32.8,by,148
45.33.58.85,by,148
67.122.134.27,by,148
94.23.208.37,by,148
118.195.171.113,by,148
13.67.9.10,by,148
185.219.133.77,bz,149
70.235.112.244,bz,149
217.146.78.2,bz,149
141.148.137.37,bz,149
3.140.19.6,bz,149
106.52.235.73,bz,149
95.209.136.87,bz,149
54.71.4.153,bz,149
88.198.41.51,bz,149
185.105.226.117,bz,149
185.17.43.66,bA,150
152.115.95.149,bA,150
152.115.95.149,bA,150
200.46.24.18,bA,150
8.134.149.156,bA,150
8.134.149.156,bA,150
47.99.59.125,bA,150
82.165.1.29,bA,150
82.165.1.29,bA,150
125.235.240.170,bA,150
61.238.86.85,bA,150
195.234.26.250,bA,150
204.155.144.122,bA,150
64.184.132.61,bB,151
54.235.2.19,bB,151
45.124.93.58,bB,151
128.199.216.114,bB,151
204.44.108.37,bB,151
162.241.60.181,bB,151
20.221.251.154,bB,151
37.156.151.22,bB,151
23.102.236.13,bB,151
162.241.119.8,bB,151
203.115.200.157,bC,152
85.10.199.90,bC,152
107.148.191.126,bC,152
52.11.175.144,bC,152
95.171.59.33,bC,152
109.205.182.131,bC,152
103.112.22.189,bC,152
103.112.22.189,bC,152
15.235.142.215,bC,152
112.115.2.198,bC,152
137.255.10.122,bC,152
2a01:488:42:1000:b24d:5087::,bD,153
2a01:488:42:1000:5bfa:423d::,bD,153
190.221.247.128,bD,153
73.236.188.1,bD,153
2a01:488:42:1000:b24d:6d05::,bD,153
2a01:488:42:1000:53a9:1eb8::,bD,153
2a01:488:42:1000:57e6:2930::,bD,153
2a01:488:42:1000:53a9:1cb3::,bD,153
77.233.238.225,bD,153
196.44.176.191,bD,153
103.254.191.80,bE,154
110.40.23.73,bE,154
188.116.28.207,bE,154
45.76.182.113,bE,154
161.47.157.243,bE,154
216.137.184.196,bE,154
45.124.126.22,bE,154
79.175.191.212,bE,154
155.159.202.7,bE,154
191.96.134.36,bE,154
54.37.220.77,bF,155
113.193.2.1,bF,155
108.136.219.255,bF,155
119.36.78.123,bF,155
116.251.217.3,bF,155
189.240.28.0,bF,155
83.65.68.224,bF,155
199.195.134.64,bF,155
79.134.110.19,bF,155
168.119.172.210,bF,155
172.252.107.172,bG,156
2a01:a8:dc0:331::11bb,bG,156
2a02:21d0::64:1:16,bG,156
2607:f298:5:102b::f2a:8ab1,bG,156
172.120.236.134,bG,156
103.90.233.28,bG,156
31.170.164.76,bG,156
114.215.177.95,bG,156
216.92.112.44,bG,156
2a01:a8:dc0:331::12a3,bG,156
202.157.184.144,bH,157
185.224.197.42,bH,157
67.220.184.101,bH,157
66.94.120.72,bH,157
142.54.163.54,bH,157
62.204.61.37,bH,157
196.196.205.218,bH,157
182.107.177.109,bH,157
192.119.108.42,bH,157
192.36.128.125,bH,157
165.225.218.14,bI,158
220.243.154.16,bI,158
165.225.210.47,bI,158
165.225.16.236,bI,158
200.4.103.66,bI,158
165.225.92.24,bI,158
165.225.204.25,bI,158
146.190.96.85,bI,158
65.109.153.41,bI,158
123.125.16.151,bJ,159
39.136.88.158,bJ,159
120.133.134.77,bJ,159
39.136.133.43,bJ,159
39.136.88.142,bJ,159
195.85.250.43,bJ,159
35.235.138.53,bJ,159
108.179.242.11,bK,160
91.192.193.47,bK,160
2600:9000:201e:0:1f:e7c3:9200:c7d2,bK,160
72.180.161.163,bK,160
38.68.224.22,bK,160
34.70.35.251,bK,160
8.211.7.24,bL,161
35.230.155.239,bL,161
34.23.38.188,bL,161
191.82.96.223,bL,161
92.38.152.40,bL,161
47.102.69.211,bM,162
47.76.66.215,bM,162
47.76.66.215,bM,162
47.102.9.53,bM,162
47.102.9.53,bM,162
39.106.237.221,bM,162
39.106.237.221,bM,162
112.81.144.36,bM,162
175.178.201.30,bM,162
51.254.33.213,bM,162
45.129.249.242,bM,162
39.98.1.203,bM,162
116.132.222.221,bM,162
123.200.20.21,bN,163
43.229.151.190,bN,163
185.149.190.186,bN,163
185.67.0.173,bN,163
92.38.139.239,bN,163
192.185.180.242,bN,163
18.65.198.177,bN,163
4.241.84.212,bN,163
95.156.252.173,bO,164
144.126.213.56,bO,164
66.228.43.47,bO,164
37.139.40.140,bO,164
54.39.49.101,bO,164
36.93.157.213,bO,164
78.47.248.14,bP,165
61.183.76.198,bP,165
165.232.135.124,bP,165
2600:9000:201d:a400:8:e5f0:bb00:c884,bQ,166
18.154.185.236,bQ,166
111.170.134.33,bR,167
210.61.207.171,bR,167
188.121.77.108,bR,167
58.144.229.140,bR,167
146.190.9.230,bR,167
91.107.154.49,bS,168
212.183.11.167,bS,168
210.236.94.157,bS,168
139.129.52.39,bS,168
124.70.214.14,bS,168
200.155.10.39,bS,168
144.24.215.5,bS,168
51.210.241.135,bS,168
2600:9000:26c8:8000:6:365a:cec0:93a1,bT,169
212.77.209.91,bT,169
51.15.220.176,bT,169
142.171.168.134,bU,170
194.24.161.31,bU,170
23.194.114.36,bU,170
136.228.202.191,bU,170
167.86.101.253,bU,170
37.24.41.69,bU,170
113.161.32.81,bU,170
100.26.1.61,bU,170
2600:9000:201e:0:1f:e7c3:9200:e93,bV,171
13.249.74.115,bV,171
2600:9000:201e:0:1f:e7c3:9200:e3b9,bV,171
168.195.228.42,bV,171
45.176.241.156,bV,171
45.176.241.147,bV,171
52.217.128.169,bV,171
151.252.54.102,bW,172
213.133.101.20,bW,172
23.164.160.116,bW,172
199.73.84.152,bW,172
8.217.196.254,bW,172
34.41.235.149,bW,172
148.72.24.56,bW,172
43.136.92.90,bW,172
179.60.195.36,bW,172
165.227.27.45,bX,173
185.215.140.238,bX,173
17.253.21.202,bX,173
2600:9000:201d:a400:8:e5f0:bb00:7a5a,bX,173
37.60.231.136,bX,173
2620:149:a06:2000::72,bX,173
206.189.98.13,bX,173
17.253.15.33,bX,173
51.38.233.36,bX,173
206.189.98.60,bX,173
104.26.1.225,bY,174
192.249.120.168,bY,174
151.101.66.133,bY,174
139.155.179.112,bY,174
70.39.189.46,bY,174
68.178.252.153,bY,174
213.186.33.17,bY,174
5.9.90.22,bY,174
173.249.4.86,bY,174
23.185.0.4,bY,174
218.216.70.30,bZ,175
62.197.222.80,bZ,175
8.210.170.47,bZ,175
52.203.156.114,bZ,175
104.197.194.28,bZ,175
78.100.12.100,bZ,175
37.9.171.27,bZ,175
103.140.186.39,bZ,175
111.102.215.179,b0,176
54.207.163.53,b0,176
178.254.41.108,b0,176
156.240.198.223,b0,176
209.170.100.25,b0,176
45.89.152.83,b0,176
149.71.107.141,b0,176
94.45.141.133,b0,176
51.155.77.118,b0,176
49.232.218.196,b0,176
45.223.96.97,b1,177
107.154.72.228,b1,177
107.154.193.74,b1,177
107.154.146.143,b1,177
2a02:e980:3d::94,b1,177
2a02:e980:5::21,b1,177
45.60.212.48,b1,177
107.154.80.245,b1,177
2a02:e980:11::ac,b1,177
104.248.110.44,b1,177
43.138.102.42,b2,178
103.197.71.2,b2,178
84.252.75.78,b2,178
149.202.78.223,b2,178
107.154.81.240,b2,178
206.189.7.110,b2,178
168.212.130.1,b2,178
139.162.184.95,b2,178
185.189.13.120,b2,178
206.82.208.178,b2,178
157.245.90.142,b3,179
34.125.132.5,b3,179
46.99.132.7,b3,179
211.241.173.248,b3,179
134.68.23.157,b3,179
124.222.183.117,b3,179
20.0.121.178,b3,179
195.77.253.146,b3,179
186.67.74.52,b3,179
195.120.19.217,b3,179
3.120.134.51,b4,180
34.41.148.10,b4,180
130.162.142.138,b4,180
64.225.17.75,b4,180
201.184.164.129,b4,180
54.180.162.58,b4,180
206.189.205.106,b4,180
145.131.139.145,b4,180
175.27.233.186,b5,181
159.203.177.147,b5,181
139.162.252.37,b5,181
51.254.33.172,b5,181
103.144.244.148,b5,181
35.245.204.169,b5,181
34.28.13.169,b5,181
103.86.138.57,b5,181
162.55.167.230,b5,181
3.221.215.255,b5,181
129.146.0.214,b6,182
5.42.81.186,b6,182
159.75.150.235,b6,182
187.74.214.199,b6,182
186.132.23.23,b6,182
34.129.132.129,b6,182
201.13.219.151,b6,182
34.140.57.19,b6,182
177.98.224.241,b6,182
185.120.74.77,b6,182
34.76.115.174,b7,183
86.119.32.33,b7,183
197.232.44.154,b7,183
34.133.188.31,b7,183
51.255.70.186,b7,183
153.127.195.94,b7,183
193.168.145.25,b7,183
13.125.119.35,b7,183
46.101.13.86,b7,183
213.13.23.46,b7,183
120.78.203.98,b8,184
78.197.239.136,b8,184
213.5.70.116,b8,184
134.209.42.212,b8,184
181.188.194.243,b8,184
216.92.188.187,b8,184
217.146.151.0,b8,184
129.151.103.173,b8,184
20.83.124.217,b8,184
143.198.77.70,b9,185
198.244.232.7,b9,185
167.235.49.127,b9,185
27.135.29.201,b9,185
5.250.191.74,b9,185
92.38.190.123,b9,185
85.193.94.249,b9,185
54.91.144.10,b9,185
89.163.153.8,b9,185
46.101.20.232,b9,185
167.86.93.32,ca,186
35.185.182.221,ca,186
38.62.202.150,ca,186
130.250.177.3,ca,186
175.45.195.81,ca,186
176.118.175.181,ca,186
137.184.10.58,ca,186
27.124.53.83,ca,186
113.35.50.224,ca,186
45.10.45.110,ca,186
200.10.172.5,cb,187
37.202.70.32,cb,187
47.236.111.170,cb,187
47.236.111.170,cb,187
100.25.152.65,cb,187
154.211.185.35,cb,187
154.211.185.35,cb,187
159.223.132.173,cb,187
134.209.1.241,cb,187
134.209.1.241,cb,187
43.133.14.85,cb,187
47.74.216.85,cb,187
47.74.216.85,cb,187
81.91.190.43,cc,188
138.68.248.146,cc,188
198.71.234.33,cc,188
185.254.96.70,cc,188
185.254.96.70,cc,188
162.144.6.230,cc,188
162.144.6.230,cc,188
54.206.136.147,cc,188
216.92.114.61,cc,188
216.92.114.61,cc,188
66.248.177.56,cc,188
24.207.5.15,cc,188
24.207.5.15,cc,188
77.244.103.142,cd,189
45.56.127.44,cd,189
31.129.107.175,cd,189
35.228.23.36,cd,189
39.76.238.40,cd,189
192.185.121.80,cd,189
121.40.87.209,cd,189
43.206.209.212,cd,189
123.207.48.215,cd,189
121.13.240.30,cd,189
1.100.0.72,ce,190
92.38.139.196,ce,190
35.91.101.231,ce,190
141.147.134.180,ce,190
3.223.252.93,ce,190
45.237.203.174,ce,190
134.65.244.198,ce,190
178.79.141.197,ce,190
104.16.211.250,cf,191
199.60.103.31,cf,191
141.193.213.11,cf,191
104.18.132.62,cf,191
104.21.28.201,cf,191
104.21.60.226,cf,191
172.67.156.35,cf,191
13.225.47.97,cf,191
172.67.70.134,cf,191
104.21.6.110,cf,191
2600:9000:2009:7c00:10:9e2:7240:93a1,cg,192
45.231.172.237,cg,192
66.204.14.208,cg,192
2600:9000:201e:0:1f:e7c3:9200:c59b,cg,192
2600:9000:2009:6400:5:6642:3680:4c71,cg,192
2600:9000:201e:0:1f:e7c3:9200:b9de,cg,192
2600:1404:6400:198c::daf,cg,192
8.210.125.36,cg,192
35.215.184.118,cg,192
199.60.103.227,cg,192
198.190.14.13,ch,193
43.153.57.191,ch,193
104.247.81.52,ch,193
47.250.68.189,ch,193
156.33.195.45,ch,193
95.82.55.38,ch,193
103.90.220.183,ch,193
104.247.82.53,ch,193
80.66.4.202,ch,193
103.155.57.103,ci,194
62.150.115.37,ci,194
218.70.28.226,ci,194
178.141.73.238,ci,194
159.89.206.35,ci,194
52.174.35.5,ci,194
117.102.173.122,ci,194
193.31.201.225,ci,194
62.150.115.14,ci,194
223.27.85.14,cj,195
153.120.67.236,cj,195
101.35.227.225,cj,195
42.240.131.8,cj,195
144.202.64.104,cj,195
35.190.94.211,cj,195
187.150.16.152,cj,195
95.179.244.95,cj,195
43.231.214.154,cj,195
51.104.38.77,cj,195
185.196.213.118,ck,196
185.196.213.118,ck,196
156.224.52.83,ck,196
36.110.222.185,ck,196
104.164.59.48,ck,196
3.18.239.78,ck,196
2600:9000:2009:6a00:10:4b2e:69c1:c299,ck,196
2600:9000:2009:6a00:10:4b2e:69c1:c299,ck,196
45.224.122.246,ck,196
45.224.122.246,ck,196
69.63.170.170,ck,196
69.63.170.170,ck,196
2600:1404:cc00:d::b81c:1dc2,ck,196
78.154.191.73,ck,196
171.6.3.9,ck,196
35.170.132.199,cl,197
62.26.219.194,cl,197
89.40.33.13,cl,197
68.66.209.115,cl,197
92.114.95.239,cl,197
141.136.33.222,cl,197
89.41.37.147,cl,197
89.41.37.147,cl,197
45.79.251.221,cl,197
70.32.23.67,cl,197
70.32.23.67,cl,197
45.141.117.166,cl,197
125.131.106.218,cm,198
113.59.165.91,cm,198
111.251.208.239,cm,198
138.2.51.153,cm,198
176.119.203.23,cm,198
134.209.241.132,cm,198
183.107.252.99,cm,198
23.26.121.130,cm,198
114.199.212.123,cm,198
54.246.157.234,cm,198
2a01:488:42:1000:5bfa:4052::,cn,199
20.189.182.154,cn,199
2a01:488:42:1000:50ed:845f::,cn,199
46.36.216.170,cn,199
61.142.90.106,cn,199
185.63.188.20,cn,199
2a01:488:42:1000:b24d:56cd::,cn,199
62.72.61.0,cn,199
2a01:488:42:1000:57e6:3cf5::,cn,199
63.247.139.166,cn,199
47.113.155.218,co,200
47.122.36.217,co,200
69.20.81.195,co,200
38.60.217.211,co,200
124.116.223.142,co,200
111.39.26.15,co,200
96.126.124.96,co,200
202.216.255.201,co,200
222.100.250.135,co,200
47.122.14.46,co,200
201.16.172.61,co,200
106.11.73.34,co,200
47.108.37.125,co,200
54.225.58.61,cp,201
203.129.217.7,cp,201
195.20.21.8,cp,201
195.20.21.8,cp,201
63.34.177.40,cp,201
92.62.18.98,cp,201
92.62.18.98,cp,201
74.114.154.18,cp,201
147.161.197.4,cp,201
147.161.197.4,cp,201
202.29.54.23,cp,201
45.10.46.202,cp,201
45.10.46.202,cp,201
147.161.212.101,cp,201
2600:9000:2047:6e00:e:b3b1:ed00:21,cq,202
207.44.77.198,cq,202
207.44.77.198,cq,202
49.12.125.171,cq,202
31.220.144.88,cq,202
31.220.144.88,cq,202
221.178.98.180,cq,202
221.178.98.180,cq,202
209.36.2.65,cq,202
133.18.74.92,cq,202
133.18.74.92,cq,202
34.145.219.51,cq,202
34.145.219.51,cq,202
221.178.98.4,cq,202
221.178.98.4,cq,202
221.178.98.117,cq,202
221.178.98.117,cq,202
98.158.103.16,cr,203
64.227.39.106,cr,203
54.247.180.210,cr,203
190.106.66.97,cr,203
168.232.29.69,cr,203
167.99.156.198,cr,203
94.250.254.52,cr,203
27.102.109.206,cr,203
82.127.52.26,cr,203
185.103.218.78,cr,203
59.56.26.201,cs,204
223.111.17.45,cs,204
58.220.74.18,cs,204
148.113.9.22,cs,204
119.3.136.218,cs,204
117.24.11.28,cs,204
180.101.76.156,cs,204
34.82.60.179,cs,204
76.191.18.30,cs,204
136.62.59.131,cs,204
45.60.152.99,ct,205
45.223.161.27,ct,205
205.220.174.160,ct,205
124.107.36.213,ct,205
208.84.65.237,ct,205
194.80.40.159,ct,205
96.94.43.147,ct,205
104.152.190.116,ct,205
195.98.226.43,ct,205
193.34.102.190,ct,205
20.204.177.50,cu,206
18.184.178.123,cu,206
60.208.1.154,cu,206
3.124.249.98,cu,206
13.59.119.188,cu,206
50.116.118.230,cu,206
51.158.24.150,cu,206
103.149.144.95,cu,206
2001:19f0:5001:121:5400:ff:fe2d:d342,cu,206
40.88.33.116,cv,207
40.86.190.46,cv,207
34.78.207.199,cv,207
20.43.84.236,cv,207
52.97.181.130,cv,207
40.99.253.88,cv,207
2603:1036:305:48ec::2,cv,207
45.115.225.98,cv,207
34.79.34.58,cv,207
52.96.0.111,cv,207
104.17.83.239,cw,208
199.60.103.28,cw,208
2606:2c40::c73c:67e2,cw,208
2600:9000:201e:0:1f:e7c3:9200:3836,cw,208
2606:2c40::c73c:671c,cw,208
141.7.103.99,cw,208
2606:2c40::c73c:671f,cw,208
2606:2c40::c73c:67e3,cw,208
18.172.112.32,cx,209
172.84.78.37,cx,209
123.60.228.29,cx,209
44.211.177.11,cx,209
185.215.234.69,cx,209
147.139.179.15,cx,209
185.143.233.7,cx,209
216.92.254.204,cx,209
216.118.232.242,cx,209
35.168.52.160,cx,209
95.216.159.73,cy,210
95.216.159.73,cy,210
175.178.232.47,cy,210
159.65.162.238,cy,210
159.65.162.238,cy,210
13.58.136.34,cy,210
117.174.10.10,cy,210
47.104.168.60,cy,210
111.16.208.146,cy,210
111.16.208.146,cy,210
61.134.67.186,cy,210
124.222.88.156,cy,210
31.15.14.39,cz,211
2a02:4a8:ac24:129::12:160,cz,211
62.22.64.202,cz,211
2a02:4a8:ac24:129::12:148,cz,211
138.68.100.121,cz,211
3.64.29.188,cz,211
217.11.235.81,cz,211
2600:9000:2031:dc00:1b:8a6f:1040:93a1,cz,211
2a02:4a8:ac24:108::96:209,cz,211
194.36.209.26,cz,211
140.143.147.181,cA,212
85.132.168.33,cA,212
87.247.5.240,cA,212
134.39.145.32,cA,212
23.236.50.69,cA,212
167.99.45.235,cA,212
45.91.144.51,cA,212
136.243.106.126,cA,212
139.196.25.33,cA,212
85.119.198.24,cA,212
34.88.52.186,cB,213
34.64.171.69,cB,213
165.100.101.33,cB,213
83.96.243.17,cB,213
195.90.211.179,cB,213
2607:f298:6:a066::e2b:4b0,cB,213
118.25.185.205,cB,213
2a01:238:42ed:da00:5c03:8c05:9d35:68a8,cB,213
146.59.204.202,cB,213
68.38.183.161,cB,213
66.203.147.169,cC,214
194.146.50.38,cC,214
152.26.236.15,cC,214
209.162.10.145,cC,214
81.165.139.28,cC,214
35.226.27.166,cC,214
81.12.203.101,cC,214
164.92.229.47,cC,214
101.201.34.25,cC,214
43.153.74.5,cD,215
145.40.67.143,cD,215
54.213.15.110,cD,215
51.144.238.57,cD,215
193.200.147.114,cD,215
72.203.209.219,cD,215
62.84.127.190,cD,215
104.248.61.150,cD,215
188.132.199.162,cD,215
51.15.23.126,cE,216
5.188.140.74,cE,216
114.79.146.185,cE,216
121.199.31.16,cE,216
20.10.249.17,cE,216
187.201.114.68,cE,216
187.201.114.68,cE,216
35.238.224.4,cE,216
187.201.114.68,cE,216
197.234.17.11,cE,216
197.234.17.11,cE,216
134.88.3.15,cE,216
219.156.77.37,cE,216
207.254.55.35,cE,216
88.36.200.239,cE,216
104.131.207.156,cE,216
101.132.187.207,cE,216
159.223.150.226,cE,216
98.126.23.202,cE,216
98.126.23.202,cE,216
116.203.115.244,cE,216
160.153.0.199,cF,217
195.63.61.222,cF,217
172.67.204.79,cF,217
104.16.173.82,cF,217
104.21.56.207,cF,217
18.161.170.98,cF,217
18.160.172.88,cF,217
172.67.212.97,cF,217
18.160.172.79,cF,217
104.18.20.195,cF,217
208.83.137.117,cG,218
2600:9000:2009:6400:5:6642:3680:a338,cG,218
162.159.138.84,cG,218
2600:9000:2009:6400:5:6642:3680:a989,cG,218
208.83.139.205,cG,218
2600:9000:2009:6400:5:6642:3680:7088,cG,218
34.125.133.111,cG,218
2600:9000:2009:6400:5:6642:3680:2721,cG,218
199.60.103.2,cG,218
142.250.113.129,cH,219
34.226.171.109,cH,219
95.163.54.98,cH,219
212.202.64.155,cH,219
144.15.118.13,cH,219
35.186.223.180,cH,219
35.201.49.247,cH,219
104.18.16.169,cH,219
45.84.129.96,cH,219
62.150.115.18,cI,220
2001:8d8:963:e500::b:57e6,cI,220
96.69.8.33,cI,220
213.16.64.233,cI,220
62.150.115.120,cI,220
202.32.158.51,cI,220
78.159.150.37,cI,220
63.245.22.141,cI,220
23.150.184.30,cI,220
62.150.115.230,cI,220
45.76.183.93,cJ,221
47.101.174.83,cJ,221
2600:9000:201e:0:1f:e7c3:9200:c13,cJ,221
31.132.40.29,cJ,221
66.45.230.154,cJ,221
47.100.192.147,cJ,221
2600:9000:201d:a400:8:e5f0:bb00:71c7,cJ,221
188.42.85.4,cJ,221
194.164.59.193,cK,222
129.241.150.224,cK,222
146.59.249.98,cK,222
3.122.223.159,cK,222
54.196.173.65,cK,222
62.26.219.196,cL,223
95.175.101.201,cL,223
23.111.64.30,cL,223
66.172.32.66,cL,223
177.129.79.118,cL,223
66.165.243.115,cL,223
103.6.196.120,cL,223
85.187.129.178,cL,223
85.187.129.178,cL,223
185.240.253.112,cL,223
185.240.253.112,cL,223
66.165.243.115,cL,223
216.186.28.171,cM,224
120.240.135.13,cM,224
205.220.164.36,cM,224
78.46.27.20,cM,224
112.72.204.117,cM,224
115.69.105.123,cM,224
122.199.118.47,cM,224
85.215.107.80,cM,224
34.151.239.143,cM,224
59.126.162.252,cM,224
178.19.94.237,cN,225
162.219.92.27,cN,225
8.141.48.101,cN,225
222.82.234.130,cN,225
212.97.32.113,cN,225
62.109.10.182,cN,225
23.27.92.245,cN,225
106.15.11.45,cN,225
158.199.174.141,cN,225
218.66.47.236,cN,225
43.157.113.31,cO,226
47.108.5.91,cO,226
69.20.81.215,cO,226
118.31.232.41,cO,226
49.12.196.252,cO,226
137.117.68.132,cO,226
42.96.220.17,cO,226
124.251.5.190,cO,226
195.95.184.162,cO,226
35.186.240.205,cP,227
76.223.59.226,cP,227
165.225.59.96,cP,227
165.225.38.37,cP,227
47.246.136.125,cP,227
165.225.202.252,cP,227
183.111.174.12,cP,227
165.225.58.116,cP,227
183.111.174.12,cP,227
18.172.31.8,cP,227
117.3.128.90,cP,227
160.153.0.36,cP,227
160.153.0.36,cP,227
158.181.120.88,cP,227
159.10.128.204,cP,227
165.225.58.71,cP,227
104.17.24.10,cP,227
141.95.113.77,cP,227
20.102.71.68,cP,227
213.239.192.238,cP,227
39.136.138.10,cQ,228
151.99.203.222,cQ,228
128.199.33.67,cQ,228
52.98.90.194,cQ,228
2600:9000:2009:6a00:10:4b2e:69c1:b400,cQ,228
47.104.241.221,cQ,228
87.236.167.248,cQ,228
2a00:1ee0:1:10::5052:7115,cQ,228
5.180.98.171,cQ,228
8.142.120.127,cQ,228
103.86.51.151,cR,229
210.246.200.134,cR,229
117.21.200.148,cR,229
43.249.35.74,cR,229
103.240.196.32,cR,229
195.113.142.199,cR,229
43.249.35.208,cR,229
43.254.164.162,cR,229
2600:9000:2009:6400:5:6642:3680:7118,cR,229
103.240.196.42,cR,229
103.24.149.49,cS,230
117.24.10.66,cS,230
117.24.10.66,cS,230
36.248.59.25,cS,230
59.56.28.88,cS,230
59.56.28.88,cS,230
180.130.108.253,cS,230
172.247.186.42,cS,230
172.247.186.42,cS,230
58.220.43.58,cS,230
223.111.14.120,cS,230
117.20.55.4,cS,230
193.228.197.66,cS,230
193.228.197.66,cS,230
185.189.32.4,cS,230
104.21.57.20,cT,231
104.21.1.29,cT,231
103.45.246.92,cT,231
104.21.74.52,cT,231
180.194.130.97,cT,231
191.235.125.81,cT,231
137.184.223.201,cT,231
193.51.147.59,cT,231
81.208.170.93,cT,231
148.163.134.130,cT,231
34.197.152.112,cT,231
59.125.111.84,cT,231
80.240.23.134,cT,231
194.65.141.196,cT,231
148.163.139.34,cT,231
213.100.245.52,cT,231
8.130.122.124,cU,232
101.201.222.158,cU,232
23.154.128.28,cU,232
13.232.62.89,cU,232
35.246.98.87,cU,232
128.199.59.152,cU,232
2a01:238:430d:a900:40f7:36e3:4c1:cfc4,cU,232
89.223.88.155,cU,232
34.219.183.168,cU,232
64.225.40.48,cU,232
104.40.94.128,cV,233
52.96.88.8,cV,233
40.97.222.200,cV,233
52.96.218.199,cV,233
20.9.119.240,cV,233
139.144.38.215,cV,233
52.104.95.40,cV,233
52.96.53.166,cV,233
23.103.231.36,cV,233
52.96.165.120,cV,233
66.154.68.67,cW,234
69.61.16.219,cW,234
49.254.11.114,cW,234
43.128.9.161,cW,234
2600:9000:201d:a400:8:e5f0:bb00:50e6,cW,234
142.91.156.105,cW,234
197.234.128.233,cW,234
2600:9000:201e:6800:8:4345:7a00:21,cW,234
52.226.80.147,cW,234
185.231.209.64,cW,234
218.91.223.67,cX,235
62.99.211.37,cX,235
91.118.154.106,cX,235
37.120.139.251,cX,235
123.60.228.33,cX,235
80.67.182.87,cX,235
185.143.235.14,cX,235
172.104.45.96,cX,235
185.223.45.7,cX,235
213.182.77.210,cX,235
129.152.28.63,cX,235
69.167.107.70,cY,236
194.83.35.208,cY,236
129.146.52.2,cY,236
159.69.40.102,cY,236
94.26.167.26,cY,236
101.43.113.29,cY,236
91.198.146.229,cZ,237
52.92.190.138,cZ,237
23.142.82.203,cZ,237
77.240.183.243,cZ,237
13.226.204.62,cZ,237
210.247.235.36,cZ,237
194.228.39.133,cZ,237
2001:8d8:928:1500::45:b95b,cZ,237
85.195.93.163,cZ,237
93.140.106.38,cZ,237
216.92.111.52,c0,238
119.23.70.192,c0,238
54.90.2.106,c0,238
199.48.123.105,c0,238
200.174.70.144,c0,238
80.155.181.180,c0,238
221.240.4.45,c0,238
123.209.125.132,c0,238
51.20.191.194,c0,238
65.20.76.31,c0,238
13.249.21.105,c1,239
13.225.47.93,c1,239
137.74.164.228,c1,239
129.151.198.87,c1,239
13.227.74.82,c1,239
18.205.153.124,c1,239
143.204.189.170,c1,239
143.204.10.54,c1,239
2600:9000:201d:c000:a:7e24:adc0:93a1,c1,239
2600:9000:2008:e00:b:54c2:e400:93a1,c2,240
2600:9000:201b:7e00:d:4526:2800:93a1,c2,240
2600:9000:201b:8e00:d:4526:2800:93a1,c2,240
2600:9000:2008:b400:1b:ce39:3dc0:21,c2,240
2600:9000:2021:1c00:1d:6bb3:7380:21,c2,240
2600:9000:2043:ac00:14:9994:7ac0:93a1,c2,240
2600:9000:2008:8c00:0:191b:f000:21,c2,240
137.110.193.100,c2,240
58.97.106.174,c2,240
204.246.175.27,c2,240
52.84.140.136,c3,241
198.23.60.67,c3,241
99.84.238.160,c3,241
38.153.60.202,c3,241
93.190.68.161,c3,241
162.215.131.139,c3,241
99.84.203.82,c3,241
54.230.17.99,c3,241
99.86.102.76,c3,241
54.230.62.4,c3,241
85.236.5.249,c4,242
212.57.2.66,c4,242
201.179.175.21,c4,242
81.69.226.91,c4,242
207.5.86.41,c4,242
179.41.134.198,c4,242
88.32.14.190,c4,242
193.240.73.2,c4,242
213.171.12.238,c4,242
38.135.245.219,c4,242
34.83.1.198,c5,243
212.170.111.106,c5,243
122.170.2.105,c5,243
159.65.4.21,c5,243
196.34.164.178,c5,243
159.203.223.200,c5,243
122.144.34.0,c5,243
207.154.196.53,c5,243
93.174.226.172,c5,243
13.32.168.196,c5,243
47.96.163.74,c6,244
181.41.238.10,c6,244
128.199.85.239,c6,244
62.113.103.81,c6,244
194.26.210.225,c6,244
172.245.87.139,c6,244
34.172.167.81,c6,244
95.216.207.13,c6,244
116.198.42.76,c6,244
115.146.55.32,c6,244
34.235.142.253,c7,245
5.45.93.177,c7,245
191.248.33.108,c7,245
85.141.73.7,c7,245
189.47.37.123,c7,245
187.56.93.157,c7,245
191.255.99.200,c7,245
186.128.213.252,c7,245
177.42.203.63,c7,245
152.67.101.176,c7,245
34.237.117.102,c8,246
186.46.60.125,c8,246
119.148.42.205,c8,246
45.63.75.174,c8,246
142.93.133.43,c8,246
54.213.190.140,c8,246
82.223.11.140,c8,246
130.93.129.190,c8,246
128.46.154.203,c8,246
34.152.54.169,c8,246
5.44.111.61,c9,247
108.167.147.103,c9,247
217.31.163.247,c9,247
35.203.16.233,c9,247
150.230.187.249,c9,247
49.247.155.242,c9,247
13.124.92.50,c9,247
47.106.21.243,c9,247
175.27.194.221,c9,247
43.128.5.172,da,248
77.83.100.103,da,248
192.254.183.25,da,248
80.148.22.97,da,248
8.218.100.166,da,248
45.38.84.44,da,248
35.239.68.186,da,248
188.94.139.185,da,248
179.190.63.81,da,248
186.226.57.80,da,248
95.61.223.221,db,249
141.147.145.175,db,249
213.232.235.176,db,249
97.74.81.177,db,249
116.58.230.230,db,249
188.5.43.157,db,249
60.164.134.40,db,249
95.163.183.223,db,249
129.153.90.190,db,249
139.196.194.173,db,249
185.230.63.107,dc,250
65.108.98.152,dc,250
185.147.35.68,dc,250
139.196.104.57,dc,250
208.69.254.8,dc,250
209.126.85.182,dc,250
72.249.68.16,dc,250
185.148.112.190,dc,250
186.39.42.239,dc,250
124.223.46.184,dd,251
181.24.25.226,dd,251
87.255.79.96,dd,251
118.24.23.152,dd,251
60.250.66.117,dd,251
44.206.89.28,dd,251
116.86.71.17,dd,251
208.95.105.162,dd,251
35.158.161.207,dd,251
131.155.34.20,dd,251
146.190.40.244,de,252
193.176.86.133,de,252
192.185.91.236,de,252
178.77.97.51,de,252
46.4.224.161,de,252
213.183.54.52,de,252
51.68.214.31,de,252
81.169.145.92,de,252
64.44.192.212,df,253
38.6.176.174,df,253
64.176.42.251,df,253
139.155.156.98,df,253
13.234.84.38,df,253
34.66.233.175,df,253
124.220.236.14,df,253
78.63.30.73,df,253
95.216.194.203,df,253
34.77.92.239,df,253
101.43.43.223,dg,254
161.97.152.250,dg,254
161.97.152.250,dg,254
74.63.131.86,dg,254
13.224.189.15,dg,254
13.224.189.15,dg,254
35.80.195.58,dg,254
95.217.131.216,dg,254
95.217.131.216,dg,254
202.86.172.162,dg,254
202.86.172.162,dg,254
196.201.225.102,dg,254
165.227.216.97,dg,254
165.227.216.97,dg,254
153.161.83.12,dh,255
113.22.127.160,dh,255
190.18.169.58,dh,255
84.86.138.143,dh,255
78.160.67.90,dh,255
211.43.113.241,dh,255
187.211.1.122,dh,255
42.112.202.43,dh,255
197.238.28.234,dh,255
123.26.148.222,dh,255
37.221.194.204,di,256
121.196.213.26,di,256
83.223.95.38,di,256
152.67.129.35,di,256
94.130.36.26,di,256
148.135.101.22,di,256
54.37.70.24,di,256
93.51.61.34,di,256
62.149.128.154,di,256
2600:9000:2009:6400:5:6642:3680:9b33,di,256
193.136.98.247,dj,257
45.40.203.155,dj,257
47.94.155.102,dj,257
2600:9000:201e:0:1f:e7c3:9200:c871,dj,257
162.142.54.130,dj,257
216.191.21.30,dj,257
216.239.64.171,dj,257
201.4.127.189,dj,257
149.7.16.75,dj,257
107.178.221.255,dj,257
16.182.38.61,dk,258
77.240.12.148,dk,258
159.75.122.97,dk,258
94.231.110.90,dk,258
59.190.151.244,dk,258
207.246.67.168,dk,258
133.16.28.113,dk,258
213.171.203.217,dk,258
200.59.67.220,dk,258
106.10.50.120,dk,258
154.83.27.234,dl,259
154.83.27.234,dl,259
123.57.220.247,dl,259
64.77.69.195,dl,259
64.77.69.195,dl,259
152.230.211.30,dl,259
185.138.253.70,dl,259
185.138.253.70,dl,259
183.6.115.171,dl,259
66.113.208.181,dl,259
66.113.208.181,dl,259
221.229.254.99,dl,259
169.48.186.188,dl,259
169.48.186.188,dl,259
66.113.241.86,dl,259
79.162.202.209,dm,260
107.175.21.18,dm,260
8.129.160.25,dm,260
108.61.160.185,dm,260
46.18.123.156,dm,260
51.68.191.218,dm,260
34.71.208.37,dm,260
49.44.238.30,dm,260
64.179.228.239,dm,260
23.95.218.52,dm,260
117.80.52.24,dn,261
120.37.134.151,dn,261
130.133.46.42,dn,261
180.100.199.125,dn,261
180.100.199.125,dn,261
101.89.219.76,dn,261
118.121.203.244,dn,261
118.121.203.244,dn,261
106.225.204.101,dn,261
106.225.204.101,dn,261
198.240.216.203,dn,261
198.240.216.203,dn,261
119.96.213.42,dn,261
113.219.193.95,dn,261
113.219.193.95,dn,261
162.240.225.28,do,262
207.174.212.159,do,262
198.20.231.90,do,262
207.180.200.233,do,262
162.144.56.91,do,262
68.171.60.58,do,262
70.40.216.23,do,262
152.42.182.48,do,262
31.210.55.177,do,262
67.20.68.97,do,262
205.211.160.113,dp,263
63.41.14.93,dp,263
47.94.249.139,dp,263
78.197.175.249,dp,263
181.26.239.60,dp,263
37.182.229.65,dp,263
13.211.59.107,dp,263
139.59.102.53,dp,263
34.254.28.175,dp,263
187.50.90.166,dp,263
5.77.36.252,dq,264
192.254.91.201,dq,264
51.15.43.67,dq,264
82.148.229.124,dq,264
114.55.90.175,dq,264
78.129.222.137,dq,264
160.16.235.253,dq,264
155.138.193.11,dq,264
37.130.139.86,dq,264
59.127.15.220,dr,265
172.175.235.75,dr,265
113.59.234.155,dr,265
3.1.98.140,dr,265
129.150.98.26,dr,265
124.222.213.82,dr,265
125.227.57.252,dr,265
137.74.29.102,dr,265
64.100.11.157,dr,265
80.190.198.76,dr,265
180.55.189.142,ds,266
157.250.33.92,ds,266
57.128.25.107,ds,266
45.140.183.22,ds,266
148.253.111.140,ds,266
103.139.208.17,ds,266
192.18.201.81,ds,266
180.55.189.124,ds,266
107.173.20.222,ds,266
13.57.46.89,ds,266
74.48.211.182,dt,267
35.214.248.37,dt,267
154.44.10.131,dt,267
3.106.106.168,dt,267
8.140.136.56,dt,267
8.138.95.62,dt,267
99.142.95.239,dt,267
34.174.160.67,dt,267
92.223.123.220,dt,267
34.175.255.34,dt,267
139.227.76.127,du,268
170.61.77.148,du,268
202.83.175.108,du,268
91.248.217.109,du,268
194.119.93.191,du,268
3.160.222.95,du,268
124.160.100.9,du,268
87.102.219.93,du,268
217.182.241.227,du,268
104.206.137.125,du,268
38.34.185.142,dv,269
34.118.79.223,dv,269
13.229.96.147,dv,269
185.205.246.213,dv,269
34.194.32.189,dv,269
54.37.31.187,dv,269
106.14.228.188,dv,269
141.94.222.48,dv,269
36.7.186.66,dv,269
45.60.22.233,dv,269
